-- ============================================================
-- BAR POS — Seed Data (Siam Amsterdam)
-- Run after migration: paste into Supabase SQL editor
-- ============================================================

-- ─── Menu Items ──────────────────────────────────────────────
insert into menu_items (id, name, name_th, price, category, available) values
  ('d1',  'Water',                 'น้ำเปล่า',            20,  'drink',    true),
  ('d2',  'Mineral Water',         'น้ำแร่',              30,  'drink',    true),
  ('d3',  'Coca Cola',             'โคคา โคล่า',          40,  'drink',    true),
  ('d4',  'Sprite',                'สไปรท์',              40,  'drink',    true),
  ('d5',  'Schweppes',             'ชเว็ปส์',             40,  'drink',    true),
  ('d6',  'Lipton Iced Tea',       'ลิปตัน ชาเย็น',       40,  'drink',    true),
  ('d7',  'Soda Water',            'โซดา',                30,  'drink',    true),
  ('d8',  'Gatorade',              'เกเตอเรด',            50,  'drink',    true),
  ('d9',  'Juice',                 'น้ำผลไม้',            40,  'drink',    true),
  ('d10', 'Coca Cola Zero',        'โคคา โคล่า ซีโร่',    40,  'drink',    true),
  ('d11', 'Singha Soda Sparkling', 'สิงห์ โซดา',          40,  'drink',    true),
  ('s1',  'Pringles Small',        'พริงเกิ้ล เล็ก',      50,  'snack',    true),
  ('s2',  'Pringles Large',        'พริงเกิ้ล ใหญ่',      90,  'snack',    true),
  ('s3',  'Nuts Small',            'ถั่ว เล็ก',            20,  'snack',    true),
  ('s4',  'Nuts',                  'ถั่ว',                 30,  'snack',    true),
  ('s5',  'DALE Chocolate',        'ช็อกโกแลต เดล',       40,  'snack',    true),
  ('s6',  'Snickers',              'สนิกเกอร์ส',           50,  'snack',    true),
  ('s7',  'Rye Bread Snack',       'ขนมปังไรย์',           60,  'snack',    true),
  ('db1', 'Chang Cold Brew 0.5L',  'ช้าง โคลด์บรู 0.5L',  120, 'beer',     true),
  ('db2', 'Zhigulevskoe 0.5L',     'ซิกูเลฟสโค 0.5L',     160, 'beer',     true),
  ('db3', 'Zhigulevskoe 0.3L',     'ซิกูเลฟสโค 0.3L',     120, 'beer',     true),
  ('db4', 'Chang Cold Brew 0.3L',  'ช้าง โคลด์บรู 0.3L',  90,  'beer',     true),
  ('bb1', 'Chang',                 'เบียร์ช้าง',           70,  'beer',     true),
  ('bb2', 'Singha',                'เบียร์สิงห์',          70,  'beer',     true),
  ('bb3', 'San Miguel',            'ซาน มิเกล',           80,  'beer',     true),
  ('bb4', 'Heineken',              'ไฮเนเก้น',             80,  'beer',     true),
  ('bb5', 'Pattaya Beer',          'เบียร์พัทยา',          80,  'beer',     true),
  ('bb6', 'Budweiser',             'บัดไวเซอร์',           90,  'beer',     true),
  ('bb7', 'Beerlao',               'เบียร์ลาว',            120, 'beer',     true),
  ('bb8', 'Corona Beer',           'โคโรน่า',              120, 'beer',     true),
  ('bb9', 'Asahi',                 'อาซาฮี',               80,  'beer',     true),
  ('bb10','Stella Artois',         'สเตลล่า อาทัวส์',      90,  'beer',     true),
  ('bb11','Savanna Premium Cider', 'ซาวันน่า ไซเดอร์',     150, 'beer',     true),
  ('bb12','Hoegaarden 550ml',      'โฮการ์เดน',            180, 'beer',     true),
  ('bb13','LEO',                   'เบียร์ลีโอ',           70,  'beer',     true),
  ('f1',  'Chicken Smoked',        'ไก่รมควัน',            150, 'food',     true),
  ('f2',  'Pork Smoked',           'หมูรมควัน',            150, 'food',     true),
  ('c1',  'Mojito',                'โมฮิโต้',              200, 'cocktail', true),
  ('c2',  'Blue Mojito',           'โมฮิโต้บลู',           200, 'cocktail', true),
  ('c3',  'Kamikaze',              'คามิกาเซ่',            180, 'cocktail', true),
  ('c4',  'Blue Kamikaze',         'คามิกาเซ่บลู',         180, 'cocktail', true),
  ('c5',  'Daiquiri',              'ดาร์เคอรี่',           180, 'cocktail', true),
  ('c6',  'Margarita',             'มาร์การิต้า',          200, 'cocktail', true),
  ('c7',  'Blue Margarita',        'มาร์การิต้าบลู',       200, 'cocktail', true),
  ('c8',  'Gin Gimlet',            'จินกิมเล็ต',           180, 'cocktail', true),
  ('c9',  'Vodka Gimlet',          'วอดก้ากิมเล็ต',        180, 'cocktail', true),
  ('c10', 'Screwdriver',           'สกรูไดร์เวอร์',         180, 'cocktail', true),
  ('c11', 'White Lady',            'ไวท์เลดี้',            180, 'cocktail', true),
  ('c12', 'Orange Martini',        'ออเรนจ์มาร์ตินี่',     180, 'cocktail', true),
  ('c13', 'Gin Tonic',             'จิน โทนิก',            180, 'cocktail', true),
  ('c14', 'Whisky Cola',           'วิสกี้โคล่า',          200, 'cocktail', true),
  ('c15', 'Long Island Iced Tea',  'ลองไอส์แลนด์',         200, 'cocktail', true),
  ('c16', 'Pineapple Silk',        'ไพน์แอปเปิ้ล ซิลก์',  200, 'cocktail', true),
  ('c17', 'Sangsom Cola',          'แสงโสม โค้ก',          100, 'cocktail', true),
  ('c18', 'Mai Tai',               'ไมไท',                 200, 'cocktail', true),
  ('c19', 'Tequila Sunrise',       'เตกีล่า ซันไรส์',      200, 'cocktail', true),
  ('c20', 'Gin Fizz',              'จิน ฟิซ',              180, 'cocktail', true),
  ('c21', 'Cuba Libre',            'คิวบา ลิเบร',          180, 'cocktail', true),
  ('c22', 'Mary Pickford',         'แมรี่ พิกฟอร์ด',       180, 'cocktail', true)
on conflict (id) do nothing;

-- ─── Members ─────────────────────────────────────────────────
insert into members (id, name, phone, birthday, notes, points, stamps, stamps_earned, created_at, updated_at) values
  ('mem1', 'สมชาย ใจดี',  '081-234-5678', '1990-03-15', 'ลูกค้าประจำ ชอบ cocktail', 120, 7, 37, now() - interval '90 days', now() - interval '2 days'),
  ('mem2', 'นภา รักเที่ยว','089-876-5432', '1995-06-20', '',                          45,  3, 13, now() - interval '30 days', now() - interval '5 days'),
  ('mem3', 'Alex Johnson', '+66 92-345-6789','1988-12-05','Tourist regular — beer only',200, 2, 22, now() - interval '60 days', now() - interval '1 day')
on conflict (id) do nothing;

-- ─── Inventory Items ─────────────────────────────────────────
insert into inventory_items (id, name, unit, category, current_stock, low_stock_threshold, cost_per_unit, notes) values
  ('inv-rum', 'Rum (Bacardi)',    'bottle',  'spirits',  6,  2,  450, null),
  ('inv-gin', 'Gin (Gordons)',    'bottle',  'spirits',  4,  2,  480, null),
  ('inv-vod', 'Vodka',           'bottle',  'spirits',  8,  3,  400, null),
  ('inv-teq', 'Tequila',         'bottle',  'spirits',  3,  2,  520, null),
  ('inv-tri', 'Triple Sec',      'bottle',  'spirits',  1,  2,  350, 'Cointreau preferred'),
  ('inv-san', 'Sangsom Whisky',  'bottle',  'spirits',  5,  2,  280, null),
  ('inv-blu', 'Blue Curacao',    'bottle',  'spirits',  1,  2,  380, null),
  ('inv-cha', 'Chang (bottle)',  'bottle',  'beer',     24, 12, 35,  null),
  ('inv-sin', 'Singha (bottle)', 'bottle',  'beer',     18, 12, 38,  null),
  ('inv-hei', 'Heineken (bottle)','bottle', 'beer',     8,  12, 45,  null),
  ('inv-cor', 'Corona (bottle)', 'bottle',  'beer',     8,  6,  60,  null),
  ('inv-lao', 'Beerlao (bottle)','bottle',  'beer',     6,  6,  55,  null),
  ('inv-sod', 'Soda Water (can)','can',     'mixer',    36, 24, 12,  null),
  ('inv-col', 'Cola (can)',      'can',     'mixer',    14, 24, 15,  null),
  ('inv-lim', 'Lime Juice',      'bottle',  'mixer',    3,  2,  80,  null),
  ('inv-syr', 'Sugar Syrup',     'bottle',  'mixer',    4,  2,  60,  null),
  ('inv-chk', 'Chicken Smoked',  'portion', 'food',     8,  5,  80,  null),
  ('inv-prk', 'Pork Smoked',     'portion', 'food',     3,  5,  80,  null),
  ('inv-prs', 'Pringles Small',  'pcs',     'supplies', 15, 10, 35,  null),
  ('inv-prl', 'Pringles Large',  'pcs',     'supplies', 8,  5,  65,  null),
  ('inv-nut', 'Mixed Nuts',      'bag',     'supplies', 20, 10, 18,  null)
on conflict (id) do nothing;

-- ─── Coupons ─────────────────────────────────────────────────
insert into coupons (id, code, name, type, value, min_order, max_uses, used_count, active, member_only, end_date) values
  ('cp1', 'HAPPY10',   'Happy Hour 10%',      'percent', 10,  0,   0,  23, true,  false, null),
  ('cp2', 'MEMBER50',  'Member ฿50 Off',      'fixed',   50,  200, 0,  11, true,  true,  null),
  ('cp3', 'WELCOME15', 'Welcome 15%',          'percent', 15,  0,   50, 38, true,  false, null),
  ('cp4', 'BIRTHDAY',  'Birthday Special 20%', 'percent', 20,  0,   0,  7,  true,  true,  null),
  ('cp5', 'VIP100',    'VIP ฿100 Off',         'fixed',   100, 500, 20, 3,  false, false, null),
  ('cp6', 'FLASH30',   'Flash Sale 30%',       'percent', 30,  0,   0,  42, false, false, '2025-12-31')
on conflict (id) do nothing;

-- ─── Staff ───────────────────────────────────────────────────
insert into staff (id, name, role, pin, color) values
  ('u1', 'Admin', 'admin',     '1234', '#f59e0b'),
  ('u2', 'กัน',   'bartender', '1111', '#10b981'),
  ('u3', 'ปิง',   'bartender', '2222', '#3b82f6'),
  ('u4', 'หนอง',  'staff',     '3333', '#8b5cf6')
on conflict (id) do nothing;

-- ─── Sample Orders (for Analytics dashboard) ─────────────────
-- ใส่ตัวอย่าง orders 7 วันย้อนหลัง
insert into orders (id, table_no, note, status, source, subtotal, total, payment_method, member_name, created_at, updated_at) values
  ('sa01', 'T1', '', 'paid', 'pos',   480,  480,  'cash',      null,            now() - interval '7 days' + interval '19 hours', now() - interval '7 days' + interval '19 hours'),
  ('sa02', 'T3', '', 'paid', 'tilda', 560,  560,  'promptpay', null,            now() - interval '7 days' + interval '21 hours', now() - interval '7 days' + interval '21 hours'),
  ('sa03', 'T5', '', 'paid', 'pos',   450,  450,  'card',      null,            now() - interval '7 days' + interval '21 hours', now() - interval '7 days' + interval '21 hours'),
  ('sa04', 'T2', '', 'paid', 'pos',   750,  750,  'cash',      null,            now() - interval '7 days' + interval '22 hours', now() - interval '7 days' + interval '22 hours'),
  ('sa05', 'T4', '', 'paid', 'tilda', 380,  380,  'cash',      null,            now() - interval '7 days' + interval '23 hours', now() - interval '7 days' + interval '23 hours'),
  ('sa06', 'T6', '', 'paid', 'pos',   560,  560,  'promptpay', null,            now() - interval '6 days' + interval '19 hours', now() - interval '6 days' + interval '19 hours'),
  ('sa07', 'T2', '', 'paid', 'tilda', 320,  320,  'cash',      null,            now() - interval '6 days' + interval '20 hours', now() - interval '6 days' + interval '20 hours'),
  ('sa08', 'T4', '', 'paid', 'pos',   600,  600,  'card',      null,            now() - interval '6 days' + interval '21 hours', now() - interval '6 days' + interval '21 hours'),
  ('sa09', 'T1', '', 'paid', 'pos',   440,  440,  'cash',      null,            now() - interval '6 days' + interval '21 hours', now() - interval '6 days' + interval '21 hours'),
  ('sa10', 'T3', '', 'paid', 'tilda', 580,  580,  'promptpay', null,            now() - interval '6 days' + interval '22 hours', now() - interval '6 days' + interval '22 hours'),
  ('sa11', 'T5', '', 'paid', 'pos',   580,  580,  'cash',      null,            now() - interval '5 days' + interval '18 hours', now() - interval '5 days' + interval '18 hours'),
  ('sa12', 'T7', '', 'paid', 'pos',   700,  700,  'card',      'สมชาย ใจดี',   now() - interval '5 days' + interval '20 hours', now() - interval '5 days' + interval '20 hours'),
  ('sa13', 'T3', '', 'paid', 'pos',   700,  700,  'cash',      null,            now() - interval '5 days' + interval '20 hours', now() - interval '5 days' + interval '20 hours'),
  ('sa14', 'T1', '', 'paid', 'tilda', 280,  280,  'promptpay', null,            now() - interval '5 days' + interval '21 hours', now() - interval '5 days' + interval '21 hours'),
  ('sa15', 'T2', '', 'paid', 'pos',   520,  520,  'card',      null,            now() - interval '4 days' + interval '20 hours', now() - interval '4 days' + interval '20 hours'),
  ('sa16', 'T6', '', 'paid', 'pos',   700,  700,  'cash',      null,            now() - interval '4 days' + interval '21 hours', now() - interval '4 days' + interval '21 hours'),
  ('sa17', 'T4', '', 'paid', 'tilda', 350,  350,  'cash',      null,            now() - interval '4 days' + interval '23 hours', now() - interval '4 days' + interval '23 hours'),
  ('sa18', 'T2', '', 'paid', 'pos',   520,  520,  'promptpay', null,            now() - interval '3 days' + interval '19 hours', now() - interval '3 days' + interval '19 hours'),
  ('sa19', 'T5', '', 'paid', 'tilda', 810,  810,  'cash',      null,            now() - interval '3 days' + interval '20 hours', now() - interval '3 days' + interval '20 hours'),
  ('sa20', 'T1', '', 'paid', 'pos',   550,  550,  'card',      null,            now() - interval '3 days' + interval '21 hours', now() - interval '3 days' + interval '21 hours'),
  ('sa21', 'T3', '', 'paid', 'pos',   400,  400,  'cash',      null,            now() - interval '3 days' + interval '22 hours', now() - interval '3 days' + interval '22 hours'),
  ('sa22', 'T7', '', 'paid', 'tilda', 300,  300,  'promptpay', null,            now() - interval '3 days' + interval '22 hours', now() - interval '3 days' + interval '22 hours'),
  ('sa23', 'T4', '', 'paid', 'pos',   700,  615,  'cash',      'นภา รักเที่ยว',now() - interval '3 days' + interval '23 hours', now() - interval '3 days' + interval '23 hours'),
  ('sa24', 'T1', '', 'paid', 'pos',   800,  800,  'cash',      null,            now() - interval '2 days' + interval '19 hours', now() - interval '2 days' + interval '19 hours'),
  ('sa25', 'T3', '', 'paid', 'tilda', 490,  490,  'card',      null,            now() - interval '2 days' + interval '20 hours', now() - interval '2 days' + interval '20 hours'),
  ('sa26', 'T5', '', 'paid', 'pos',   780,  780,  'promptpay', null,            now() - interval '2 days' + interval '21 hours', now() - interval '2 days' + interval '21 hours'),
  ('sa27', 'T2', '', 'paid', 'pos',   700,  700,  'cash',      null,            now() - interval '2 days' + interval '21 hours', now() - interval '2 days' + interval '21 hours'),
  ('sa28', 'T6', '', 'paid', 'tilda', 620,  620,  'cash',      null,            now() - interval '2 days' + interval '22 hours', now() - interval '2 days' + interval '22 hours'),
  ('sa29', 'T8', '', 'paid', 'pos',   440,  440,  'card',      'Alex Johnson',  now() - interval '2 days' + interval '22 hours', now() - interval '2 days' + interval '22 hours'),
  ('sa30', 'T4', '', 'paid', 'pos',   560,  560,  'promptpay', null,            now() - interval '2 days' + interval '23 hours', now() - interval '2 days' + interval '23 hours'),
  ('sa31', 'T1', '', 'paid', 'pos',   540,  490,  'cash',      'สมชาย ใจดี',   now() - interval '2 days' + interval '23 hours', now() - interval '2 days' + interval '23 hours'),
  ('sa32', 'T3', '', 'paid', 'pos',   580,  580,  'card',      null,            now() - interval '1 day'  + interval '20 hours', now() - interval '1 day'  + interval '20 hours'),
  ('sa33', 'T1', '', 'paid', 'tilda', 380,  380,  'cash',      null,            now() - interval '1 day'  + interval '21 hours', now() - interval '1 day'  + interval '21 hours'),
  ('sa34', 'T5', '', 'paid', 'pos',   550,  550,  'promptpay', null,            now() - interval '1 day'  + interval '21 hours', now() - interval '1 day'  + interval '21 hours'),
  ('sa35', 'T2', '', 'paid', 'pos',   520,  520,  'cash',      null,            now() - interval '1 day'  + interval '22 hours', now() - interval '1 day'  + interval '22 hours'),
  ('sa36', 'T7', '', 'paid', 'tilda', 330,  330,  'card',      'นภา รักเที่ยว',now() - interval '1 day'  + interval '23 hours', now() - interval '1 day'  + interval '23 hours'),
  ('sa37', 'T4', '', 'paid', 'pos',   680,  680,  'cash',      null,            now() - interval '19 hours', now() - interval '19 hours'),
  ('sa38', 'T2', '', 'paid', 'tilda', 480,  480,  'promptpay', null,            now() - interval '16 hours', now() - interval '16 hours'),
  ('sa39', 'T6', '', 'paid', 'pos',   750,  750,  'card',      null,            now() - interval '15 hours', now() - interval '15 hours'),
  ('sa40', 'T1', '', 'paid', 'pos',   680,  680,  'cash',      null,            now() - interval '14 hours', now() - interval '14 hours'),
  ('sa41', 'T3', '', 'paid', 'tilda', 490,  423,  'cash',      'Alex Johnson',  now() - interval '13 hours', now() - interval '13 hours'),
  ('sa42', 'T8', '', 'paid', 'pos',   480,  480,  'promptpay', null,            now() - interval '12 hours', now() - interval '12 hours')
on conflict (id) do nothing;

-- ─── Sample Order Items ───────────────────────────────────────
insert into order_items (order_id, menu_id, name, name_th, qty, price) values
  ('sa01', 'c1',  'Mojito',    'โมฮิโต้',    2, 200),
  ('sa01', 'bb4', 'Heineken',  'ไฮเนเก้น',   1, 80),
  ('sa02', 'c15', 'Long Island Iced Tea', 'ลองไอส์แลนด์', 1, 200),
  ('sa02', 'c13', 'Gin Tonic', 'จิน โทนิก', 1, 180),
  ('sa02', 'd3',  'Coca Cola', 'โคคา โคล่า', 2, 40),
  ('sa03', 'c6',  'Margarita', 'มาร์การิต้า', 2, 200),
  ('sa03', 's1',  'Pringles Small', 'พริงเกิ้ล เล็ก', 1, 50),
  ('sa04', 'c14', 'Whisky Cola', 'วิสกี้โคล่า', 3, 200),
  ('sa04', 'f1',  'Chicken Smoked', 'ไก่รมควัน', 1, 150),
  ('sa05', 'bb1', 'Chang',    'เบียร์ช้าง', 4, 70),
  ('sa05', 's1',  'Pringles Small', 'พริงเกิ้ล เล็ก', 2, 50),
  ('sa06', 'c1',  'Mojito',   'โมฮิโต้',   1, 200),
  ('sa06', 'c13', 'Gin Tonic','จิน โทนิก',  2, 180),
  ('sa07', 'bb4', 'Heineken', 'ไฮเนเก้น',   3, 80),
  ('sa07', 'd3',  'Coca Cola','โคคา โคล่า', 2, 40),
  ('sa08', 'c1',  'Mojito',   'โมฮิโต้',   1, 200),
  ('sa08', 'c15', 'Long Island Iced Tea','ลองไอส์แลนด์',1, 200),
  ('sa08', 'c6',  'Margarita','มาร์การิต้า',1, 200),
  ('sa09', 'bb8', 'Corona Beer','โคโรน่า',  2, 120),
  ('sa09', 's1',  'Pringles Small','พริงเกิ้ล เล็ก',1, 50),
  ('sa09', 'f1',  'Chicken Smoked','ไก่รมควัน',1, 150),
  ('sa10', 'c14', 'Whisky Cola','วิสกี้โคล่า',2, 200),
  ('sa10', 'c13', 'Gin Tonic','จิน โทนิก',  1, 180),
  ('sa11', 'bb1', 'Chang',    'เบียร์ช้าง', 6, 70),
  ('sa11', 'd3',  'Coca Cola','โคคา โคล่า', 4, 40),
  ('sa12', 'c6',  'Margarita','มาร์การิต้า',2, 200),
  ('sa12', 'f1',  'Chicken Smoked','ไก่รมควัน',2, 150),
  ('sa13', 'c1',  'Mojito',   'โมฮิโต้',   3, 200),
  ('sa13', 's1',  'Pringles Small','พริงเกิ้ล เล็ก',2, 50),
  ('sa14', 'bb4', 'Heineken', 'ไฮเนเก้น',  2, 80),
  ('sa14', 'bb8', 'Corona Beer','โคโรน่า',  1, 120),
  ('sa15', 'c14', 'Whisky Cola','วิสกี้โคล่า',1, 200),
  ('sa15', 'c15', 'Long Island Iced Tea','ลองไอส์แลนด์',1, 200),
  ('sa15', 'd3',  'Coca Cola','โคคา โคล่า', 3, 40),
  ('sa16', 'c6',  'Margarita','มาร์การิต้า',2, 200),
  ('sa16', 'c13', 'Gin Tonic','จิน โทนิก',  1, 180),
  ('sa16', 'f1',  'Chicken Smoked','ไก่รมควัน',1, 150),
  ('sa17', 'bb1', 'Chang',    'เบียร์ช้าง', 3, 70),
  ('sa17', 'bb2', 'Singha',   'เบียร์สิงห์', 2, 70),
  ('sa18', 'c1',  'Mojito',   'โมฮิโต้',   2, 200),
  ('sa18', 'bb8', 'Corona Beer','โคโรน่า',  1, 120),
  ('sa19', 'c15', 'Long Island Iced Tea','ลองไอส์แลนด์',2, 200),
  ('sa19', 'c13', 'Gin Tonic','จิน โทนิก',  2, 180),
  ('sa19', 's1',  'Pringles Small','พริงเกิ้ล เล็ก',1, 50),
  ('sa20', 'c14', 'Whisky Cola','วิสกี้โคล่า',2, 200),
  ('sa20', 'f1',  'Chicken Smoked','ไก่รมควัน',1, 150),
  ('sa21', 'bb4', 'Heineken', 'ไฮเนเก้น',  4, 80),
  ('sa21', 'd3',  'Coca Cola','โคคา โคล่า', 2, 40),
  ('sa22', 'c6',  'Margarita','มาร์การิต้า',1, 200),
  ('sa22', 'c17', 'Sangsom Cola','แสงโสม โค้ก',2, 100),
  ('sa23', 'bb1', 'Chang',    'เบียร์ช้าง', 5, 70),
  ('sa23', 'f1',  'Chicken Smoked','ไก่รมควัน',2, 150),
  ('sa24', 'c1',  'Mojito',   'โมฮิโต้',   2, 200),
  ('sa24', 'c6',  'Margarita','มาร์การิต้า',2, 200),
  ('sa25', 'bb4', 'Heineken', 'ไฮเนเก้น',  3, 80),
  ('sa25', 'bb8', 'Corona Beer','โคโรน่า',  2, 120),
  ('sa26', 'c15', 'Long Island Iced Tea','ลองไอส์แลนด์',3, 200),
  ('sa26', 'c13', 'Gin Tonic','จิน โทนิก',  1, 180),
  ('sa27', 'c14', 'Whisky Cola','วิสกี้โคล่า',2, 200),
  ('sa27', 'f1',  'Chicken Smoked','ไก่รมควัน',2, 150),
  ('sa28', 'c6',  'Margarita','มาร์การิต้า',2, 200),
  ('sa28', 'd3',  'Coca Cola','โคคา โคล่า', 4, 40),
  ('sa29', 'bb1', 'Chang',    'เบียร์ช้าง', 4, 70),
  ('sa29', 'bb4', 'Heineken', 'ไฮเนเก้น',  2, 80),
  ('sa30', 'c1',  'Mojito',   'โมฮิโต้',   1, 200),
  ('sa30', 'bb8', 'Corona Beer','โคโรน่า',  3, 120),
  ('sa31', 'c13', 'Gin Tonic','จิน โทนิก',  2, 180),
  ('sa31', 'f1',  'Chicken Smoked','ไก่รมควัน',1, 150),
  ('sa31', 'd3',  'Coca Cola','โคคา โคล่า', 2, 40),
  ('sa32', 'c1',  'Mojito',   'โมฮิโต้',   2, 200),
  ('sa32', 'c13', 'Gin Tonic','จิน โทนิก',  1, 180),
  ('sa33', 'bb4', 'Heineken', 'ไฮเนเก้น',  3, 80),
  ('sa33', 'bb1', 'Chang',    'เบียร์ช้าง', 2, 70),
  ('sa34', 'c15', 'Long Island Iced Tea','ลองไอส์แลนด์',1, 200),
  ('sa34', 'c14', 'Whisky Cola','วิสกี้โคล่า',1, 200),
  ('sa34', 'f1',  'Chicken Smoked','ไก่รมควัน',1, 150),
  ('sa35', 'c6',  'Margarita','มาร์การิต้า',2, 200),
  ('sa35', 'd3',  'Coca Cola','โคคา โคล่า', 3, 40),
  ('sa36', 'bb8', 'Corona Beer','โคโรน่า',  2, 120),
  ('sa36', 's4',  'Nuts',     'ถั่ว',        3, 30),
  ('sa37', 'c1',  'Mojito',   'โมฮิโต้',   3, 200),
  ('sa37', 'bb4', 'Heineken', 'ไฮเนเก้น',  1, 80),
  ('sa38', 'c13', 'Gin Tonic','จิน โทนิก',  2, 180),
  ('sa38', 'bb8', 'Corona Beer','โคโรน่า',  1, 120),
  ('sa39', 'c6',  'Margarita','มาร์การิต้า',2, 200),
  ('sa39', 'f1',  'Chicken Smoked','ไก่รมควัน',2, 150),
  ('sa39', 's1',  'Pringles Small','พริงเกิ้ล เล็ก',1, 50),
  ('sa40', 'c14', 'Whisky Cola','วิสกี้โคล่า',3, 200),
  ('sa40', 'd3',  'Coca Cola','โคคา โคล่า', 2, 40),
  ('sa41', 'bb1', 'Chang',    'เบียร์ช้าง', 5, 70),
  ('sa41', 'bb2', 'Singha',   'เบียร์สิงห์', 2, 70),
  ('sa42', 'c15', 'Long Island Iced Tea','ลองไอส์แลนด์',1, 200),
  ('sa42', 'c6',  'Margarita','มาร์การิต้า',1, 200),
  ('sa42', 'd3',  'Coca Cola','โคคา โคล่า', 2, 40)
on conflict do nothing;
